{"cameraMode":{"drawMode":0,"name":"Shaded","section":"Shading Mode"},"sceneLighting":true,"audioPlay":false,"sceneViewState":{"showFog":true,"showMaterialUpdate":false,"showSkybox":true,"showFlares":true,"showImageEffects":true,"showParticleSystems":true},"in2DMode":false,"pivot":{"x":12.500003814697266,"y":0.0,"z":12.500003814697266},"rotation":{"x":0.3414941728115082,"y":-0.04368311166763306,"z":0.015890739858150483,"w":0.9387356042861939},"size":28.23391342163086,"orthographic":false}