{"cameraMode":{"drawMode":0,"name":"Shaded","section":"Shading Mode"},"sceneLighting":true,"audioPlay":false,"sceneViewState":{"showFog":true,"showMaterialUpdate":true,"showSkybox":true,"showFlares":true,"showImageEffects":true,"showParticleSystems":true},"in2DMode":false,"pivot":{"x":16.19997787475586,"y":4.459484577178955,"z":21.227439880371095},"rotation":{"x":0.10998353362083435,"y":0.1183818131685257,"z":-0.013194724917411805,"w":0.9867704510688782},"size":6.866117477416992,"orthographic":false}