{"cameraMode":{"drawMode":0,"name":"Shaded","section":"Shading Mode"},"sceneLighting":false,"audioPlay":false,"sceneViewState":{"showFog":true,"showMaterialUpdate":true,"showSkybox":false,"showFlares":true,"showImageEffects":true,"showParticleSystems":true},"in2DMode":false,"pivot":{"x":-0.7366393208503723,"y":1.3490803241729737,"z":0.011050224304199219},"rotation":{"x":-0.010296951048076153,"y":0.9766645431518555,"z":-0.20908579230308534,"w":-0.04809444397687912},"size":1.1726884841918946,"orthographic":true}