{"cameraMode":{"drawMode":0,"name":"Shaded","section":"Shading Mode"},"sceneLighting":true,"audioPlay":false,"sceneViewState":{"showFog":true,"showMaterialUpdate":true,"showSkybox":true,"showFlares":true,"showImageEffects":true,"showParticleSystems":true},"in2DMode":false,"pivot":{"x":14.600000381469727,"y":18.013328552246095,"z":-2.520000457763672},"rotation":{"x":0.321983277797699,"y":-0.01987948827445507,"z":0.006761853117495775,"w":0.9465146064758301},"size":10.0,"orthographic":false}