{"cameraMode":{"drawMode":0,"name":"Shaded","section":"Shading Mode"},"sceneLighting":true,"audioPlay":false,"sceneViewState":{"showFog":true,"showMaterialUpdate":true,"showSkybox":true,"showFlares":true,"showImageEffects":true,"showParticleSystems":true},"in2DMode":false,"pivot":{"x":14.055072784423829,"y":3.3221049308776857,"z":6.879986763000488},"rotation":{"x":0.5435107350349426,"y":0.4560210108757019,"z":-0.5133815407752991,"w":0.48278412222862246},"size":6.457759380340576,"orthographic":false}