{"cameraMode":{"drawMode":0,"name":"Shaded","section":"Shading Mode"},"sceneLighting":true,"audioPlay":false,"sceneViewState":{"showFog":true,"showMaterialUpdate":true,"showSkybox":true,"showFlares":true,"showImageEffects":true,"showParticleSystems":true},"in2DMode":false,"pivot":{"x":14.625242233276368,"y":2.3135852813720705,"z":6.206297397613525},"rotation":{"x":0.08897823095321655,"y":0.8219001889228821,"z":-0.13381722569465638,"w":0.5465022921562195},"size":4.8188676834106449,"orthographic":true}