{"cameraMode":{"drawMode":0,"name":"Shaded","section":"Shading Mode"},"sceneLighting":false,"audioPlay":false,"sceneViewState":{"showFog":true,"showMaterialUpdate":true,"showSkybox":false,"showFlares":true,"showImageEffects":true,"showParticleSystems":true},"in2DMode":false,"pivot":{"x":14.286843299865723,"y":2.4915785789489748,"z":6.28000020980835},"rotation":{"x":0.023892143741250039,"y":0.971006453037262,"z":-0.2109232097864151,"w":0.1099921315908432},"size":5.129227638244629,"orthographic":true}