{"cameraMode":{"drawMode":0,"name":"Shaded","section":"Shading Mode"},"sceneLighting":true,"audioPlay":false,"sceneViewState":{"showFog":true,"showMaterialUpdate":true,"showSkybox":true,"showFlares":true,"showImageEffects":true,"showParticleSystems":true},"in2DMode":false,"pivot":{"x":-50.099998474121097,"y":4.27697229385376,"z":20.030000686645509},"rotation":{"x":0.3325408399105072,"y":0.00565717276185751,"z":-0.002000614069402218,"w":0.9430791139602661},"size":65.16154479980469,"orthographic":false}