{"cameraMode":{"drawMode":0,"name":"Shaded","section":"Shading Mode"},"sceneLighting":true,"audioPlay":false,"sceneViewState":{"showFog":true,"showMaterialUpdate":true,"showSkybox":true,"showFlares":true,"showImageEffects":true,"showParticleSystems":true},"in2DMode":false,"pivot":{"x":1.8278987407684327,"y":6.72587776184082,"z":1.5489614009857178},"rotation":{"x":0.05074676126241684,"y":-0.14450134336948396,"z":0.007429827470332384,"w":0.9882165193557739},"size":12.134721755981446,"orthographic":false}