{"cameraMode":{"drawMode":0,"name":"Shaded","section":"Shading Mode"},"sceneLighting":true,"audioPlay":false,"sceneViewState":{"showFog":true,"showMaterialUpdate":true,"showSkybox":true,"showFlares":true,"showImageEffects":true,"showParticleSystems":true},"in2DMode":false,"pivot":{"x":-50.475589752197269,"y":12.578350067138672,"z":-40.16743469238281},"rotation":{"x":0.28345805406570437,"y":0.0014384874375537038,"z":-0.00042520661372691393,"w":0.9589842557907105},"size":44.78287887573242,"orthographic":true}