{"cameraMode":{"drawMode":0,"name":"Shaded","section":"Shading Mode"},"sceneLighting":true,"audioPlay":false,"sceneViewState":{"showFog":true,"showMaterialUpdate":true,"showSkybox":true,"showFlares":true,"showImageEffects":true,"showParticleSystems":true},"in2DMode":false,"pivot":{"x":2.612598419189453,"y":14.299999237060547,"z":10.935600280761719},"rotation":{"x":0.23872877657413484,"y":0.36677467823028567,"z":-0.09796290844678879,"w":0.8938054442405701},"size":10.0,"orthographic":false}